chrom	pos	ref	alt	gt	dp	gq	symbol	gene	transcript	mane	consequence	impact	sift	polyphen	max_pop_af	existing	clin_sig	hgvsc	hgvsp
chr20	60148	G	C	0/1	38	99					intergenic_variant				0.00188	rs2368790			
chr20	61800	G	A	1/1	2	6					intergenic_variant				0.4986	rs1411495446			
chr20	63971	TTCCATTCCAC	T	1/1	2	6					intergenic_variant				0.1778	rs1166958116			
chr20	96130	C	T	0/1	17	99	DEFB125	ENSG00000178591	ENST00000382410	NM_153325.4	missense_variant	MODERATE	tolerated	benign	0.001724	rs41276376		ENST00000382410.3:c.184C>T	ENSP00000371847.2:p.His62Tyr
chr20	96321	T	C	1/1	37	62	DEFB125	ENSG00000178591	ENST00000382410	NM_153325.4	synonymous_variant	LOW			0.8022	COSV66703764;rs6111385		ENST00000382410.3:c.375T>C	ENSP00000371847.2:p.Ser125=
chr20	110867	G	A	1/1	2	6					intergenic_variant				0.8181	rs6051659			
chr20	145514	GCAAA	G	0/1	17	99	DEFB126	ENSG00000125788	ENST00000382398	NM_030931.4	frameshift_variant	HIGH			0.1783	rs11467497	benign	ENST00000382398.4:c.163_166del	ENSP00000371835.3:p.Gln55GlyfsTer28
chr20	145669	ACC	A	0/1	9	99	DEFB126	ENSG00000125788	ENST00000382398	NM_030931.4	frameshift_variant	HIGH			0.5586	rs11467417	benign	ENST00000382398.4:c.317_318del	ENSP00000371835.3:p.Pro106ArgfsTer?
chr20	157537	GC	G	1/1	37	99	DEFB127	ENSG00000088782	ENST00000382388	NM_139074.4	5_prime_UTR_variant	MODIFIER			0.5161	rs3216039		ENST00000382388.4:c.-6del	
chr20	159104	T	C	1/1	53	99	DEFB127	ENSG00000088782	ENST00000382388	NM_139074.4	3_prime_UTR_variant	MODIFIER			0.9933	rs4142304		ENST00000382388.4:c.*80T>C	
chr20	173973	T	G	1/1	2	6					intergenic_variant				0.4487	rs6039496			
chr20	176881	C	T	1/1	2	6					intergenic_variant				0.0104	rs145273759			
chr20	186183	G	A	1/1	50	99	DEFB128	ENSG00000185982	ENST00000334391	NM_001037732.3	downstream_gene_variant	MODIFIER			0.4612	rs6040142			
chr20	191877	A	G	1/1	2	6	DEFB128	ENSG00000185982	ENST00000334391	NM_001037732.3	upstream_gene_variant	MODIFIER			0.592	rs2099433			
chr20	194746	G	A	1/1	2	6					intergenic_variant				0.5866	rs6033189			
chr20	211729	G	T	1/1	2	6					intergenic_variant								
chr20	231898	C	T	1/1	2	6	DEFB129	ENSG00000125903	ENST00000246105	NM_080831.4	downstream_gene_variant	MODIFIER			0.4307	rs6043212			
chr20	231900	G	C	1/1	2	6	DEFB129	ENSG00000125903	ENST00000246105	NM_080831.4	downstream_gene_variant	MODIFIER			0.5114	rs6043214			
chr20	257794	CTGGTCT	C	0/1	152	99	DEFB132	ENSG00000186458	ENST00000382376	NM_207469.3	inframe_deletion	MODERATE			0.6067	rs66489228		ENST00000382376.4:c.20_25del	ENSP00000371813.3:p.Val7_Leu8del
chr20	257866	A	C	0/1	83	99	DEFB132	ENSG00000186458	ENST00000382376	NM_207469.3	intron_variant	MODIFIER			0.5732	COSV107489934;rs373225		ENST00000382376.4:c.58+30A>C	
chr20	257889	T	G	0/1	59	99	DEFB132	ENSG00000186458	ENST00000382376	NM_207469.3	intron_variant	MODIFIER			0.6677	COSV107489935;rs412143		ENST00000382376.4:c.58+53T>G	
chr20	257899	C	T	0/1	50	99	DEFB132	ENSG00000186458	ENST00000382376	NM_207469.3	intron_variant	MODIFIER			0.6286	COSV107489936;rs416360		ENST00000382376.4:c.58+63C>T	
chr20	258135	C	A	1/1	2	6	DEFB132	ENSG00000186458	ENST00000382376	NM_207469.3	intron_variant	MODIFIER						ENST00000382376.4:c.58+299C>A	
chr20	279177	G	A	0/1	15	99	C20orf96	ENSG00000196476	ENST00000360321	NM_153269.3	synonymous_variant	LOW			0.375	COSV64403065;rs6035541		ENST00000360321.7:c.460C>T	ENSP00000353470.2:p.Leu154=
chr20	284615	G	T	1/1	2	6	C20orf96	ENSG00000196476	ENST00000360321	NM_153269.3	intron_variant	MODIFIER						ENST00000360321.7:c.188-534C>A	
chr20	290494	G	GC	1/1	6	18	C20orf96	ENSG00000196476	ENST00000360321	NM_153269.3	intron_variant	MODIFIER			0.7153	rs3215551		ENST00000360321.7:c.20+96dup	
chr20	297874	T	C	1/1	13	39	ZCCHC3	ENSG00000247315	ENST00000500893	NM_033089.7	synonymous_variant	LOW			0.6045	COSV66643252;rs2223665		ENST00000500893.4:c.288T>C	ENSP00000484056.1:p.Asp96=
chr20	298541	C	T	0/1	27	99	ZCCHC3	ENSG00000247315	ENST00000500893	NM_033089.7	synonymous_variant	LOW			0.01521	rs45569040		ENST00000500893.4:c.955C>T	ENSP00000484056.1:p.Leu319=
chr20	304365	G	C	1/1	2	6	ZCCHC3	ENSG00000247315	ENST00000500893	NM_033089.7	downstream_gene_variant	MODIFIER			0.2472	rs12185783			
chr20	304376	G	A	1/1	2	6	ZCCHC3	ENSG00000247315	ENST00000500893	NM_033089.7	downstream_gene_variant	MODIFIER			0.5675	rs11087390			
chr20	326089	G	A	0/1	19	99	SOX12	ENSG00000177732	ENST00000342665	NM_006943.4	synonymous_variant	LOW			0.02149	COSV61258598;rs73071018		ENST00000342665.5:c.165G>A	ENSP00000347646.1:p.Arg55=
chr20	328517	ATT	A	0/1	6	46	SOX12	ENSG00000177732	ENST00000342665	NM_006943.4	3_prime_UTR_variant	MODIFIER			0.1231	rs5839854		ENST00000342665.5:c.*1664_*1665del	
chr20	328569	GA	G	0/1	15	99	SOX12	ENSG00000177732	ENST00000342665	NM_006943.4	3_prime_UTR_variant	MODIFIER			0.00717	rs1242171724		ENST00000342665.5:c.*1707del	
chr20	344676	C	A	0/1	3	26	NRSN2	ENSG00000125841	ENST00000382285	NM_001323682.2	upstream_gene_variant	MODIFIER							
chr20	353673	TC	T	1/1	10	30	NRSN2	ENSG00000125841	ENST00000382285	NM_001323682.2	3_prime_UTR_variant	MODIFIER			0.9181	rs5839855		ENST00000382285.7:c.*44del	
chr20	367264	G	A	1/1	2	6	TRIB3	ENSG00000101255	ENST00000615226		intron_variant	MODIFIER			0.4469	rs6084217		ENST00000615226.6:c.-408+4351G>A	
chr20	379966	G	T	1/1	3	9	TRIB3	ENSG00000101255	ENST00000217233	NM_021158.5	upstream_gene_variant	MODIFIER			0.5011	rs6076472			
chr20	391328	T	C	0/1	12	99	TRIB3	ENSG00000101255	ENST00000217233	NM_021158.5	synonymous_variant	LOW			0.7183	COSV53932788;rs6051637		ENST00000217233.9:c.333T>C	ENSP00000217233.3:p.Tyr111=
chr20	396582	C	T	0/1	71	99	TRIB3	ENSG00000101255	ENST00000217233	NM_021158.5	synonymous_variant	LOW			0.4281	COSV53931427;COSV53932230;rs6115830		ENST00000217233.9:c.969C>T	ENSP00000217233.3:p.Ala323=
chr20	408812	C	T	0/1	13	99	RBCK1	ENSG00000125826	ENST00000356286	NM_031229.4	intron_variant	MODIFIER			0.4872	COSV62293542;rs3746792	benign	ENST00000356286.10:c.22+33C>T	
chr20	417395	T	TTG	0/1	4	53	RBCK1	ENSG00000125826	ENST00000356286	NM_031229.4	intron_variant	MODIFIER			0.08219	rs67707964	benign	ENST00000356286.10:c.168-104_168-103dup	
chr20	417634	G	T	0/1	22	99	RBCK1	ENSG00000125826	ENST00000356286	NM_031229.4	intron_variant	MODIFIER			0.1611	rs11698154	benign;likely_benign	ENST00000356286.10:c.261+15G>T	
chr20	422066	A	G	0/1	8	58	RBCK1	ENSG00000125826	ENST00000356286	NM_031229.4	intron_variant	MODIFIER			0.7144	COSV62293172;rs2057251	benign	ENST00000356286.10:c.918-61A>G	
chr20	437555	T	A	0/1	53	99	TBC1D20	ENSG00000125875	ENST00000354200	NM_144628.4	3_prime_UTR_variant	MODIFIER			0.7475	rs3746793		ENST00000354200.5:c.*1031A>T	
chr20	438423	C	T	0/1	17	99	TBC1D20	ENSG00000125875	ENST00000354200	NM_144628.4	3_prime_UTR_variant	MODIFIER			0.5095	rs3746794	benign	ENST00000354200.5:c.*163G>A	
chr20	448123	A	C	0/1	3	24	TBC1D20	ENSG00000125875	ENST00000354200	NM_144628.4	intron_variant	MODIFIER			0.478	COSV62613735;rs6139203	benign	ENST00000354200.5:c.71-49T>G	
chr20	487542	G	A	0/1	20	99	CSNK2A1	ENSG00000101266	ENST00000217244	NM_177559.3	synonymous_variant	LOW			0.00758	rs41306790	benign;likely_benign	ENST00000217244.9:c.858C>T	ENSP00000217244.3:p.His286=
chr20	499958	CA	C	0/1	20	54	CSNK2A1	ENSG00000101266	ENST00000217244	NM_177559.3	intron_variant	MODIFIER			0.442	rs199709718	benign;likely_benign	ENST00000217244.9:c.214-25del	
chr20	508286	C	T	0/1	5	18	CSNK2A1	ENSG00000101266	ENST00000217244	NM_177559.3	intron_variant	MODIFIER			0.8648	rs74119	benign	ENST00000217244.9:c.101+165G>A	
chr20	527729	G	A	1/1	2	6	CSNK2A1	ENSG00000101266	ENST00000217244	NM_177559.3	intron_variant	MODIFIER			0.03561	rs73076706		ENST00000217244.9:c.-110+204C>T	
chr20	553245	C	G	1/1	2	6		ENSG00000308899	ENST00000837155		downstream_gene_variant	MODIFIER			0.868	rs204667			
chr20	557995	C	CA	1/1	2	6					intergenic_variant				0.8555	rs11087660			
chr20	570752	C	A	1/1	2	6		ENSG00000302168	ENST00000784763		upstream_gene_variant	MODIFIER			0.6494	rs6053023			
chr20	586280	C	T	1/1	3	9					intergenic_variant				0.509	rs11698404			
chr20	608315	G	T	1/1	2	6	TCF15	ENSG00000125878	ENST00000246080	NM_004609.4	intron_variant	MODIFIER						ENST00000246080.4:c.525+1398C>A	
chr20	609898	C	G	1/1	34	99	TCF15	ENSG00000125878	ENST00000246080	NM_004609.4	missense_variant	MODERATE	tolerated	benign	1	COSV55720317;rs2754502		ENST00000246080.4:c.340G>C	ENSP00000246080.3:p.Val114Leu
chr20	609899	G	C	1/1	34	99	TCF15	ENSG00000125878	ENST00000246080	NM_004609.4	synonymous_variant	LOW			1	COSV55720581;rs2665781		ENST00000246080.4:c.339C>G	ENSP00000246080.3:p.Thr113=
chr20	663033	A	G	0/1	41	99	SCRT2	ENSG00000215397	ENST00000246104	NM_033129.4	3_prime_UTR_variant	MODIFIER			0.3468	rs6116997		ENST00000246104.7:c.*638T>C	
chr20	663275	T	C	0/1	39	99	SCRT2	ENSG00000215397	ENST00000246104	NM_033129.4	3_prime_UTR_variant	MODIFIER			0.2386	rs6107716		ENST00000246104.7:c.*396A>G	
chr20	663558	A	C	0/1	9	99	SCRT2	ENSG00000215397	ENST00000246104	NM_033129.4	3_prime_UTR_variant	MODIFIER			0.07576	rs112858215		ENST00000246104.7:c.*113T>G	
chr20	675763	T	TGGC	1/1	7	21	SCRT2	ENSG00000215397	ENST00000246104	NM_033129.4	5_prime_UTR_variant	MODIFIER			0.279	rs61589065		ENST00000246104.7:c.-165_-163dup	
chr20	677582	AAAT	A	1/1	2	6	SCRT2	ENSG00000215397	ENST00000246104	NM_033129.4	upstream_gene_variant	MODIFIER			8.63e-05	rs138602785			
chr20	689007	A	G	1/1	2	6		ENSG00000298442	ENST00000755524		intron_variant,non_coding_transcript_variant	MODIFIER			0.6629	rs7261818		ENST00000755524.1:n.180-2596A>G	
chr20	710871	T	C	1/1	2	6					intergenic_variant								
chr20	710898	G	T	1/1	2	6					intergenic_variant								
chr20	716956	T	C	1/1	2	6		ENSG00000309339	ENST00000840365		upstream_gene_variant	MODIFIER			0.2424	rs6054280			
chr20	725763	T	G	1/1	2	6		ENSG00000309339	ENST00000840365		downstream_gene_variant	MODIFIER			0.1825	rs6054335			
chr20	728488	T	G	1/1	2	6					regulatory_region_variant				0.3654	rs6107835			
chr20	739241	G	T	1/1	2	6					regulatory_region_variant								
chr20	748776	G	A	0/1	3	27					intergenic_variant				0.1817	rs4813804			
chr20	752235	G	T	0/1	3	27					intergenic_variant				0.0924	rs73067679			
chr20	760189	G	C	0/1	9	90	SLC52A3	ENSG00000101276	ENST00000645534	NM_033409.4	3_prime_UTR_variant	MODIFIER			0.1667	rs1053018		ENST00000645534.1:c.*837C>G	
chr20	760275	G	T	1/1	3	9	SLC52A3	ENSG00000101276	ENST00000645534	NM_033409.4	3_prime_UTR_variant	MODIFIER			0.9251	rs2295431		ENST00000645534.1:c.*751C>A	
chr20	761203	A	G	0/1	61	99	SLC52A3	ENSG00000101276	ENST00000645534	NM_033409.4	synonymous_variant	LOW			0.7155	COSV54077188;rs910857	benign;uncertain_significance	ENST00000645534.1:c.1233T>C	ENSP00000494193.1:p.Ser411=
chr20	762480	C	G	1/1	2	6	SLC52A3	ENSG00000101276	ENST00000645534	NM_033409.4	intron_variant	MODIFIER			0.4227	rs13039544		ENST00000645534.1:c.1074-656G>C	
chr20	762486	C	T	1/1	2	6	SLC52A3	ENSG00000101276	ENST00000645534	NM_033409.4	intron_variant	MODIFIER			0.4227	rs6038643		ENST00000645534.1:c.1074-662G>A	
chr20	763183	G	A	1/1	2	6	SLC52A3	ENSG00000101276	ENST00000645534	NM_033409.4	intron_variant	MODIFIER			0.6482	rs910858	benign	ENST00000645534.1:c.1073+315C>T	
chr20	763806	G	A	1/1	118	99	SLC52A3	ENSG00000101276	ENST00000645534	NM_033409.4	synonymous_variant	LOW			0.4589	COSV54077519;rs3746805	benign;likely_benign	ENST00000645534.1:c.765C>T	ENSP00000494193.1:p.Leu255=
chr20	765454	G	A	0/1	67	99	SLC52A3	ENSG00000101276	ENST00000645534	NM_033409.4	synonymous_variant	LOW			0.3062	COSV54077309;rs3746808	benign	ENST00000645534.1:c.321C>T	ENSP00000494193.1:p.Ala107=
chr20	767349	C	T	1/1	2	6	SLC52A3	ENSG00000101276	ENST00000645534	NM_033409.4	intron_variant	MODIFIER			0.2703	rs6085776		ENST00000645534.1:c.-52+948G>A	
chr20	767376	T	A	1/1	2	6	SLC52A3	ENSG00000101276	ENST00000645534	NM_033409.4	intron_variant	MODIFIER			0.8442	rs12480298		ENST00000645534.1:c.-52+921A>T	
chr20	772843	T	C	1/1	2	6	SLC52A3	ENSG00000101276	ENST00000645534	NM_033409.4	upstream_gene_variant	MODIFIER			0.7344	rs657812			
chr20	772872	A	G	1/1	2	6	SLC52A3	ENSG00000101276	ENST00000645534	NM_033409.4	upstream_gene_variant	MODIFIER			0.6715	rs571847			
chr20	783008	G	A	1/1	2	6					intergenic_variant				0.6861	rs6085877			
chr20	784189	A	G	1/1	2	6					intergenic_variant				0.6868	rs6085892			
chr20	787930	A	T	1/1	2	6					intergenic_variant				0.227	rs8125134			
chr20	807395	C	T	1/1	2	6					intergenic_variant				0.4179	rs12479451			
chr20	810659	T	C	1/1	2	6					intergenic_variant				0.9116	rs637589			
chr20	818371	G	T	1/1	2	6					regulatory_region_variant								
chr20	830787	A	G	1/1	2	6	FAM110A	ENSG00000125898	ENST00000381941	NM_001042353.3	upstream_gene_variant	MODIFIER			1	rs805886			
chr20	844439	TGCCCAGGTC	T	1/1	4	12	FAM110A	ENSG00000125898	ENST00000381941	NM_001042353.3	intron_variant	MODIFIER			0.9934	rs58588343		ENST00000381941.8:c.-97-259_-97-251del	
chr20	844675	C	CT	0/1	31	71	FAM110A	ENSG00000125898	ENST00000381941	NM_001042353.3	intron_variant	MODIFIER			0.2385	rs879111452		ENST00000381941.8:c.-97-19dup	
chr20	845035	T	C	1/1	57	99	FAM110A	ENSG00000125898	ENST00000381941	NM_001042353.3	synonymous_variant	LOW			0.8626	COSV55727759;rs538094		ENST00000381941.8:c.231T>C	ENSP00000371367.3:p.Phe77=
chr20	845870	C	G	0/1	20	99	FAM110A	ENSG00000125898	ENST00000381941	NM_001042353.3	3_prime_UTR_variant	MODIFIER			0.1514	COSV55727032;rs2282051		ENST00000381941.8:c.*178C>G	
chr20	846023	G	T	0/1	24	99	FAM110A	ENSG00000125898	ENST00000381941	NM_001042353.3	3_prime_UTR_variant	MODIFIER			0.3442	COSV55727388;rs1045410		ENST00000381941.8:c.*331G>T	
chr20	857617	T	C	1/1	5	15	FAM110A	ENSG00000125898	ENST00000505691		downstream_gene_variant	MODIFIER			0.8171	rs2183307			
chr20	865868	CT	C	1/1	2	6	ANGPT4	ENSG00000101280	ENST00000381922	NM_015985.4	downstream_gene_variant	MODIFIER			4.062e-05	rs11482350			
chr20	872792	T	G	1/1	43	99	ANGPT4	ENSG00000101280	ENST00000381922	NM_015985.4	3_prime_UTR_variant	MODIFIER			0.8878	rs1888087		ENST00000381922.5:c.*168A>C	
chr20	874297	T	C	0/1	37	99	ANGPT4	ENSG00000101280	ENST00000381922	NM_015985.4	synonymous_variant	LOW			0.513	COSV67922395;rs944110		ENST00000381922.5:c.1338A>G	ENSP00000371347.3:p.Gln446=
